region,office,search,address,phone1,phone2
ঢাকা শহর,সেন্ট্রাল শর্টিং সেন্টার,central sorting center,"বেড়ীবাধ মেইনরোড, হাজারীবাগ, ঢাকা-১২০৯",01733-384883,01733-384852
ঢাকা শহর,হাজারীবাগ অফিস,hajaribag,"প্লট নং-৭১৬, ৭১৯, ৭২২, বেড়ীবাধ মেইনরোড হাজারীবাগ, ঢাকা-১২০৯",01733-385176,01733-385026
ঢাকা শহর,মোহাম্মদপুর অফিস,mohammadpur,"হাউজ নং-৩, বেড়ীবাধ মেইন রোড, (লিমিটেড ৬নং রোডের শেষ মাথায়) চাঁদ উদ্যান, মোহাম্মদপুর, ঢাকা-১২০৭",01733-385177,01733-384806
ঢাকা শহর,ধানমন্ডি অফিস,dhanmondi,"দোকান হোল্ডিং নং-১৬৫, সাত্তার ম্যানশন লেক সার্কাস মিরপুর রোড, কলাবাগান, ধানমন্ডি, ঢাকা-১২০৫",01958-587814,01958-587815
ঢাকা শহর,শ্যামলী অফিস,shamoli,"২৪/১২, খিলজী রোড, মোহাম্মদপুর, ঢাকা-১২০৭",01733-384850,01733-384893
ঢাকা শহর,কাওরান বাজার অফিস,karwan bazar,"বাংলাদেশ মৎস উন্নয়ন কর্পোরেশন ও ওয়াসা ভবনের বিপরীতে কাওরান বাজার, তেজগাঁও, ঢাকা-১২১৫",01733-384864,01733-384866
ঢাকা শহর,মহাখালী অফিস,mohakhali,"হাজী শাহাবুদ্দিন শপিং কমপ্লেক্স, ৫২ তাজউদ্দিন সরণি মহাখালী, ঢাকা।",01733-385196,01733-385195
ঢাকা শহর,চাঁনখারপুল অফিস,chankharpul,"৭৯/২, হোসেনী দালান রোড, চাঁনখারপুল, ঢাকা।",01958-587478,01958-587479
ঢাকা শহর,মালিটোলা অফিস,malitola,"২৪/১, মালিটোলা লেন, নর্থ সাউথ রোড, ঢাকা।",01733-385044,01733-385043
ঢাকা শহর,বাংলাবাজার অফিস,banglabazar,"৩৪/১ নর্থব্রুক হল রোড, মাদ্রাসা মার্কেট বাংলাবাজার, ঢাকা।",01733-385123,01733-385164
ঢাকা শহর,চকবাজার অফিস,chokbazar,"১৬/বি, ১, ৩ ও ৪ নং দোকান, ছোট কাটরা মদিনা চাঁন সরদার কোল্ড স্টোরেজ এর নীচে, চকবাজার, ঢাকা।",01733-385023,01733-385024
ঢাকা শহর,মতিঝিল অফিস,motizhil,"মনির ম্যানশন, ১৮, দিলকুশা বাণিজ্যিক এলাকা (কৃষি ভবনের বিপরীতে), মতিঝিল, ঢাকা।",01958-587385,01958-587386
ঢাকা শহর,বনশ্রী অফিস,banasree,"এম ব্লক, মেইন রোড, বাগানবাড়ি, এইচপিএস পেট্রোল পাম্পের বিপরীতে, বনশ্রী।",01958-587677,01958-587678
ঢাকা শহর,মাজার রোড অফিস,majar road,"২য় কলোনী, তালুকদার স-মিলের পাশে মিরপুর-১, মাজার রোড।",01958-587679,01958-587680
ঢাকা শহর,মালিবাগ অফিস,malibag,"৩৬/বি মালিবাগ চৌধুরীপাড়া, ঢাকা।",01733-385193,01733-385194
ঢাকা শহর,গুলিস্তান অফিস,gulistan,"দোকান নং-এস-২৩, আন্ডারগ্রাউন্ড, গুলিস্তান হল মার্কেট, ঢাকা।",01733-385127,01733-385128
ঢাকা শহর,মিরপুর অফিস-১১,mirpur 11,"হাউজ নং-৪১০-৪১১, সেকশন-৭, মিরপুর বাংলা বালিকা উচ্চ বিদ্যালয়ের পার্শ্বে, মিরপুর, ঢাকা।",01733-384843,01733-384844
ঢাকা শহর,মিরপুর অফিস-১০,mirpur 10,"৮৯ নং ম্যাগনোলিয়া বিল্ডিং, ফলপট্টি রোড মিরপুর-১০, ঢাকা।",01733-385065,01733-385066
ঢাকা শহর,বিজয় নগর (পল্টন) অফিস,bijoy nagar paltan,"১৬৯/২, শহীদ সৈয়দ নজরুল ইসলাম স্মরণী, শাহেনশাহ কমপ্লেক্স, পুরান পল্টন, ঢাকা।",01733-384837,01733-384838
ঢাকা শহর,এ্যালিফ্যান্ট রোড অফিস,elephant road,"৩৪৭, শহীদ জাহানারা ইমাম স্মরণী, এ্যালিফ্যান্ট রোড, ঢাকা।",01733-385090,01733-385089
ঢাকা শহর,উত্তরা অফিস,uttara,"বাসা#২, আলাউল এভিনিউ, সেক্টর#৬, হাউজ বিল্ডিং (উত্তরা ইউনিভার্সিটির পার্শ্বে), উত্তরা, ঢাকা।",01733-385104,01733-385105
ঢাকা শহর,বাংলা মটর অফিস,bangla motor,"দোকান নং-১, ওরিয়‍্যান্টাল বংশাল মটর পার্টস এসি মার্কেট, ১/১ এ, নিউ ইস্কাটন রোড, রমনা, ঢাকা।",01733-384923,01733-384879
ঢাকা শহর,যাত্রাবাড়ী অফিস,jatrabari,"৩৪০/এ, সিফাত ফিলিং স্টেশন সংলগ্ন, দক্ষিণ যাত্রাবাড়ী, ঢাকা।",01733-385145,01733-385146
ঢাকা শহর,নতুন বাজার অফিস,notun bazar,"পট নং- ৯৩৬১, (ফারাজী হাসপাতালের কাছে) মাদানী এভিনিউ, নতুন বাজার, ভাটারা, ঢাকা।",01958-587409,01958-587410
ঢাকা শহর,দিয়াবাড়ী অফিস,diyabari,"খালপাড়, বি আর টি এ অফিসের মাঝামাঝি, বাজাজ অটোমোবাইলের পাশে, দিয়াবাড়ী, উত্তরা।",01958-587507,01958-587508
ঢাকা শহর,বাবুবাজার অফিস,babubazar,"১১ নং জুমরাইল লেন, বাবুবাজার, ঢাকা।",01958-587537,01958-587538
ঢাকা বিভাগ,কেরাণীগঞ্জ অফিস,keraniganj,"হাতেম আলী ভিলা, বেড়িবাধ রোড, কেরাণীগঞ্জ, ঢাকা।",01733-385036,01733-385013
ঢাকা বিভাগ,সাভার অফিস,savar,"এ ১/৪ মজিদপুর, পাকিজা টেক্সটাইল এর দক্ষিণ পার্শ্বে সাভার, ঢাকা।",01733-385110,01733-385111
ঢাকা বিভাগ,হেমায়েতপুর অফিস,hemayetpur,"সিংগাইর হাইওয়ে রোেড, ইউনিক হাসপাতালের পাশে, ম্যাক্স কম ইন্টারন্যাশনাল বিডি লিঃ এর বিপরীত পার্শ্বে, হেমায়েতপুর।",01958-587667,01958-587668
ঢাকা বিভাগ,বাইপাইল অফিস,baipail,"ই পি জেড রোড, নূসরাত ভিলা, আশুলিয়া থানার দক্ষিণ পার্শ্বে, বাইপাইল ।",01733-385106,01733-385107
ঢাকা বিভাগ,টঙ্গী অফিস,tongi,"বাটা পুরাতন শোরুমের বিপরীতে, সিএনজি পাম্পের সাথে, টঙ্গী।",01733-385108,01733-385131
ঢাকা বিভাগ,কোনাবাড়ি অফিস,konabari,"আঞ্জুম পাম্পের উত্তর পার্শ্বে, কোনাবাড়ি, গাজীপুর।",01733-385120,01733-385166
ঢাকা বিভাগ,গাজীপুর অফিস,gazipur,"ওবেসা গার্মেন্টসের বিপরীতে, জয়দেবপুর রোড, নলজানি, চান্দনা চৌরাস্তা, গাজীপুর।",01733-385055,01733-385150
ঢাকা বিভাগ,মাওনা অফিস,maona,"১৭৬ মাওনা চৌরাস্তা, ঢাকা ময়মনসিংহ মহাসড়ক ফ্লাই ওভারের দক্ষিণ পার্শ্বে।",01733-385151,01733-385152
ঢাকা বিভাগ,মুন্সিগঞ্জ অফিস,munsiganj,"সদর হাসপাতাল রোড, মানিকপুর, ডক্টরস ক্লিনিকের পূর্ব পার্শ্বে, মুন্সিগঞ্জ।",01733-385168,01733-384836
ঢাকা বিভাগ,ভুলতা (রূপগঞ্জ) অফিস,vulta rupganj,"দোকান নং-১২৩২, ১২৯১, গাউছিয়া সিটি মার্কেট ভুলতা, রূপগঞ্জ, নারায়ণগঞ্জ।",01958-587253,01958-587254
ঢাকা বিভাগ,সিদ্ধিরগঞ্জ (চিটাগাং রোড) অফিস,siddhirganj chittagong,"১০ তলা বিল্ডিংয়ের পশ্চিম পাশে, আল আমিন গার্মেন্টসের বিপরীত পাশে, চিটাগং রোড, নারায়নগঞ্জ।",01733-384977,01733-384978
ঢাকা বিভাগ,নারায়ণগঞ্জ অফিস,narayonganj,"দোকান নং-৩১৫, ৩১৬, ৩১৭, ৩১৮ চাঁন মাড়ি আর্মি মার্কেট, চাষাড়া, নারায়ণগঞ্জ।",01733-385060,01733-385059
ঢাকা বিভাগ,সোনারগাঁও অফিস,sonargaon,"আফিয়া সি.এন.জি পাম্পের পাশে, মোগরাপাড়া চৌরাস্তা সোনারগাও, নারায়ণগঞ্জ।",01958-587673,01958-587674
ঢাকা বিভাগ,নরসিংদী অফিস,norsindi,"১/১ লতিফ ভূইয়ার বাড়ি, জে পি আর ফার্নিচারের বাম পাশের বাড়ি, সি এন্ড বি রোড, নরসিংদী।",01733-385141,01733-385183
ঢাকা বিভাগ,বাবুরহাট অফিস,baburhat,"মাইক্রোট্রেড সেন্টার, দোকান নং-৪৪, ৪৫, শেখেরচর, বাবুরহাট, নরসিংদী।",01733-384808,01733-384862
ঢাকা বিভাগ,ভৈরব অফিস,voirob,"কমলপুর মোল্লাবাড়ি, হলিটাচ হাসপাতাল সংলগ্ন, ভৈরব।",01733-384823,01733-384824
ঢাকা বিভাগ,কিশোরগঞ্জ অফিস,kishorganj,"নিউ টাউন স্টেশন রোড, সেন্ট্রাল হসপিটালের সামনে, কিশোরগঞ্জ।",01733-385160,01733-385165
ঢাকা বিভাগ,মানিকগঞ্জ অফিস,manikganj,"আকতার প্লাজা, বেলায়েত হোসেন রোড, পৌড়রা, মানিকগঞ্জ।",01733-385063,01733-385064
ঢাকা বিভাগ,টাঙ্গাইল অফিস,tangail,"হোল্ডিং#০৪০৮০০, উত্তর আদালতপাড়া, ঢাকা রোড, সেবা চক্ষু হাসপাতালের বিপরীতে, টাঙ্গাইল।",01733-384899,01733-385139
ঢাকা বিভাগ,টেকেরহাট অফিস,tekerhat,"নেসার উদ্দিন মার্কেট এর নিচতলা, মাদারীপুর।",01733-385053,01733-385054
ঢাকা বিভাগ,ফরিদপুর অফিস,faridpur,"নবাব আলী টাওয়ার, ইসলামি ব্যাংক হাসপাতালের, সামনে, আলীপুর, ফরিদপুর।",01733-384855,01733-384854
ঢাকা বিভাগ,ভাঙ্গা অফিস,vanga,"ভাঙ্গা সরকারী হাসপাতালের পূর্ব পার্শ্বে, নিউ সেবা ডায়াগনস্টিক সেন্টার এর বিপরীতে, কাপুড়িয়া, সদরদী, ভাঙ্গা।",01958-587499,01958-587500
ঢাকা বিভাগ,গোপালগঞ্জ অফিস,gopalganj,"হোল্ডিং নং- ৮১৪/৩, বঙ্গবন্ধু সড়ক, যুগশিখা স্কুলের পার্শ্বে, গোপালগঞ্জ।",01958-587413,01958-587414
ঢাকা বিভাগ,রাজবাড়ী অফিস,rajbari,"সজ্জন কান্দা, লাইফকেয়ার হাসপাতালের বিপরীতে, রাজবাড়ী।",01958-587405,01958-587406
ঢাকা বিভাগ,মাদারীপুর অফিস,madaripur,"পানিছত্র, ইসলামি ব্যাংক এ.আর হাওলাদার কমিউনিটি হাসপাতালারের পূর্ব পার্শ্বে, মাদারীপুর।",01733-384910,01733-384911
ঢাকা বিভাগ,শরীয়তপুর অফিস,shoriatpur,"হোল্ডিং-৬১৪, ওয়ার্ড নং-৪, শরীয়তপুর সদর হাসপাতাল রোড, শরীয়তপুর।",01958-587480,01958-587481
ঢাকা বিভাগ,শ্রীনগর অফিস,srinagar,"কামারগাঁও সুপার মার্কেট, ভাগ্যকূল রোড, শ্রীনগর।",01958-58754 3,01958-58754 4
ময়মনসিংহ বিভাগ,ময়মনসিংহ অফিস,mymensingh,"ধোপাখোলা মোড়, ময়মনসিংহ।",01733-384846,01733-384847
ময়মনসিংহ বিভাগ,ভালুকা অফিস,valuka,"নতুন বাসস্ট্যান্ড, ব্রাক ব্যাংকের নীচে, ঢাকা ময়মনসিংহ হাইওয়ে রোড, ভালুকা।",01733-385125,01733-385126
ময়মনসিংহ বিভাগ,নেত্রকোনা অফিস,netrokona,"১২৩, অজহর রোেড, নেত্রকোনা সদর পৌরসভা, নেত্রকোনা।",01733-385178,01733-385179
ময়মনসিংহ বিভাগ,জামালপুর অফিস,jamalpur,"মাল গুদাম রোড, রেলস্টেশনের উত্তর পাশে, জামালপুর।",01733-385113,01733-385114
ময়মনসিংহ বিভাগ,শেরপুর অফিস,sherpur,"শেরপুর সদর কলেজ রোড, নতুন বাসস্ট্যান্ড সংলগ্ন, শেরপুর।",01733-385080,01733-385081
ময়মনসিংহ বিভাগ,ত্রিশাল অফিস,trishal,"দোকান নং-৩, ৪, হিরো মার্কেট, ঢাকা-ময়মনসিংহ রোড, ত্রীশাল।",01958-587572,01958-587573
চট্টগ্রাম শহর,এ.কে.খান অফিস,a k khan,"এ.কে. খান মোড়, জাকির হোসেন রোড, পাহাড়তলী, চট্টগ্রাম",01733-385010,01733-384841
চট্টগ্রাম শহর,খাতুনগঞ্জ অফিস (আন্ধার কিল্লা),khatunganj andhar killa,"কোরবানীগঞ্জ রোড, হামিদুল্লাহ খান মসজিদ এর পশ্চিম গেইট এর সামনে, খাতুনগঞ্জ, চট্টগ্রাম।",01733-385103,01733-385071
চট্টগ্রাম শহর,কদমতলী অফিস,kodomtoli,"আশরাফ মার্কেট ডিটি রোড, কদমতলী, চট্টগ্রাম।",01733-384840,01733-385101
চট্টগ্রাম শহর,অক্সিজেন অফিস,oxygen,"৩১১, আরাফাত ভবন, গ্রাউন্ড ফ্লোর, চাদনী মোেড় হাটহাজারী রোেড, চট্টগ্রাম।",01958-587565,01958-587566
চট্টগ্রাম শহর,আগ্রাবাদ অফিস,agrabad,"২৩৬৬ বেপারী পাড়া, এক্সেস রোড, আগ্রাবাদ।",01733-385051,01733-233522
চট্টগ্রাম শহর,চট্টগ্রাম ই.পি.জেড অফিস,chittagong epz chattogram,"সবুজ সাথী স্কুলের পার্শ্বে, কর্ণফুলী ডায়াগনস্টিক সেন্টারের বিপরীতে।",01733-384826,01733-384827
চট্টগ্রাম শহর,মুরাদপুর অফিস (নাসিরাবাদ),muradpur nasirabad,"ষোল শহর, রেলওয়ে স্টেশন-এর পার্শ্বে, মুরাদপুর।",01733-385157,01733-385082
চট্টগ্রাম শহর,রিয়াজউদ্দিন বাজার অফিস,riyajuddin bazar,"দোকান নং এ৪, বি৪, সি৪, ডি৪, পূর্ব রোড নং- ৭, শাহ আমানত রেলওয়ে সুপার মার্কেট, আইস ফ্যাক্টরী রোড, চট্টগ্রাম।",01733-384980,01733-384981
চট্টগ্রাম শহর,কালুরঘাট অফিস,kalurghat,"২৭৬৪/ডি, সি.এন বি রোড, আরকান সড়কের সিটি লাইট পেট্রোল পাম্পের বিপরীতে, চানগাঁও, চট্টগ্রাম।",01958-587379,01958-587380
চট্টগ্রাম বিভাগ,ভাটিয়ারি অফিস,vatiyari,"স্টেশন রোডের পশ্চিম পার্শ্বে ডি.টি রোেড, ভাটিয়ারি, চট্টগ্রাম।",01958-587377,01958-587378
চট্টগ্রাম বিভাগ,সীতাকুন্ড অফিস,sitakundu,"৫২৪, পুরাতন ডি.টি রোড, সীতাকুন্ড জেনারেল হাসপাতালের বিপরীতে, সীতাকুন্ড, চট্টগ্রাম।",01958-587381,01958-587382
চট্টগ্রাম বিভাগ,হাটহাজারী অফিস,hathajari,"হাটহাজারী এগার মাইল পি.ডি.বি সাবস্টেশন এর বিপরীতে, হাটহাজারী, চট্টগ্রাম।",01958- 587383,01958- 587384
চট্টগ্রাম বিভাগ,রাঙ্গামাটি অফিস,rangamati,"আজিজ মার্কেট, ইউ.সি.বি ব্যাংকের নিচে, হ্যাপির মোড় বনরূপা বাজারের পূর্বে, রাঙ্গামাটি।",01958-587403,01958-587404
চট্টগ্রাম বিভাগ,খাগড়াছড়ি অফিস,khagrachori,"জয়নাল মার্কেট, শান্তি পরিবহনের বিপরীতে, কলেজ রোড, নারকেল বাগান, খাগড়াছড়ি।",01958-587504,01958-587505
চট্টগ্রাম বিভাগ,কেরানীহাট অফিস,keranihat,"রবি অফিস ও সাতকানিয়া রিসোর্ট এর বিপরীত পার্শ্বে পুরাতন শাহ-আমানত হাসপাতালের নিচতলা, সাতকানিয়া, কেরানীহাট।",01958-587497,01958-587498
চট্টগ্রাম বিভাগ,চকরিয়া অফিস,chokoria,"নতুন বাস টার্মিনাল, কমার্স কলেজের নীচে, চকরিয়া।",01733-385067,01733-384954
চট্টগ্রাম বিভাগ,কক্সবাজার অফিস,coxs bazar,"আব্দুল্লাহ সাঈদ মার্কেট, খুরুশকুল রোড, কক্সবাজার।",01733-385142,01733-385143
চট্টগ্রাম বিভাগ,কুমিল্লা অফিস,comilla cumilla,"রাণী বাজারের পশ্চিম মাথায়, জজ বাড়ীর বিপরীতে, অশোধতলা, কুমিল্লা।",01733-384834,01733-384835
চট্টগ্রাম বিভাগ,কুমিল্লা ক্যান্টনমেন্ট অফিস,comilla cantonment cumilla,"প্রিমিয়ার ব্যাংক এর নিচতলা, আব্দুল বাতেন মার্কেট নিশ্চিন্তপুর নামার বাজার, ক্যান্টনমেন্ট, কুমিল্লা।",01958-587501,01958-587502
চট্টগ্রাম বিভাগ,গৌরিপুর অফিস,gouripur,"ইকবাল টাওয়ার, গ্রাউন্ড ফ্লোর, গ্লোবাল ইসলামী ব্যাংক বিল্ডিং, গৌরিপুর।",01958-587629,01958-587630
চট্টগ্রাম বিভাগ,লাকসাম অফিস,laksam,"নোয়াখালী রোড, দক্ষিণ বাইপাস (সুরক্ষা হসপিটাল এর বিপরীত পার্শ্বে), লাকসাম।",01958-587484,01958-587485
চট্টগ্রাম বিভাগ,চাঁদপুর অফিস,chandpur,"১৮, জেলা জনশক্তি ও কর্মসংস্থান অফিস (ফিঙ্গারপ্রিন্ট অফিসের নীচ তলা) চাঁদপুর।",01733-385085,01733-385084
চট্টগ্রাম বিভাগ,হাজীগঞ্জ অফিস,hajiganj,"দোকান নং-এ-৭, হাজীগঞ্জ পশ্চিম বাজার, জঙ্গলিয়া প্লাজা, হাজীগঞ্জ।",01733-385073,01733-385074
চট্টগ্রাম বিভাগ,ব্রাহ্মনবাড়িয়া অফিস,bhranmonbaria,"কান্দিপাড়া বড় মাদ্রাসা রোেড, সদর, ব্রাহ্মনবাড়িয়া।",01733-385144,01733-385147
চট্টগ্রাম বিভাগ,ফেনী অফিস,feni,"শান্তি কোম্পানী রাস্তার মাথা, গ্রান্ড সুলতান কমিউনিটি সেন্টার এর বিপরীতে, ট্রাঙ্ক রোেড, ফেনী।",01733-385006,01733-385007
চট্টগ্রাম বিভাগ,চৌমুহনী অফিস,choumuhoni,"মোর্শেদ আলম শপিং কমপ্লেক্সের পিছনে, কলোনী মসজিদের বিপরীতে, স্টেশন রোড, ফলপট্টি, চৌমুহনী।",01733-385009,01733-385008
চট্টগ্রাম বিভাগ,মাইজদী অফিস,maijdi,"পৌর বাজারের পশ্চিম পার্শ্বে মায়া হোটেলের পার্শ্বে, মাইজদী।",01733-385011,01733-385018
চট্টগ্রাম বিভাগ,লক্ষ্মীপুর অফিস,laxmipur lokkhipur,"বাগবাড়ী, আলিয়া মাদ্রাসার, দক্ষিণ পার্শ্বে সদর লক্ষ্মীপুর।",01733-385190,01733-385191
চট্টগ্রাম বিভাগ,বারৈয়ারহাট অফিস,baroihat,"করিম মার্কেট এর নিচতলা, TVS গার্ডেন এর পার্শ্বে বারৈয়ারহাট।",01958-587511,01958-587512
খুলনা বিভাগ,খুলনা অফিস,khulna,"১০০ স্টেশন রোড, ১২১২, শ্রমিক ইউনিয়ন এর বিপরীতে বারমাসেল রোড, খুলনা।",01733-384860,01733-384859
খুলনা বিভাগ,খুলনা খালিশপুর অফিস,khulna khalishpur,"প্লট নং-৯, (বাণিজ্যিক) নর্থ বি ব্লক, বি.আই.ডি.সি রোড, খালিশপুর, খুলনা।",01733-385174,01958-587315
খুলনা বিভাগ,নড়াইল অফিস,norail,"যশোর স্ট্যান্ড (হাজী বিল্ডিং এর বিপরীত পার্শ্বে), নড়াইল।",01958-587482,01958-587483
খুলনা বিভাগ,যশোর নিউ মার্কেট অফিস,jashore jessore new market,"সেক্টর-২, প্লট- ২৪, হাউজিং এস্টেট নিউ মার্কেট, যশোর।",01733-384853,01733-384851
খুলনা বিভাগ,যশোর আর. এন রোড অফিস,jashore jesson r n road,"সোনালী ব্যাংকের বিপরীত পার্শ্বে, ছবি মটরস্ এর পার্শ্বে আর এন রোড, যশোর।",01733-385014,01733-385015
খুলনা বিভাগ,নওয়াপাড়া অফিস,noyapara nouapara,"সাবেক পৌরসভা ভবন, হোল্ডিং নং ৩০৫, পুরাতন বাসস্ট্যান্ড, নওয়াপাড়া।",01733-385180,01733-385181
খুলনা বিভাগ,মেহেরপুর অফিস,meherpur,"পুরাতন বাসস্ট্যান্ড, মহিলা বিষয়ক অধিদপ্তর সংলগ্ন, সদর, মেহেরপুর।",01958-587509,01958-587510
খুলনা বিভাগ,বেনাপোল অফিস,benapol,"হোল্ডিং নং-৩৭৫, বেনাপোেল মেইন রোড, বি জি বি ক্যাম্পের বিপরীত পাশে, বেনাপোেল।",01958-587748,01958-587749
খুলনা বিভাগ,চুয়াডাঙ্গা অফিস,cuadanha chuadanga,"হোল্ডিং-২১৪৭-০০, শহীদ আবুল কাশেম সড়ক সিঙ্গার শো-রুমের পশ্চিম পার্শ্বে, চুয়াডাঙ্গা।",01958-587052,01958-587053
খুলনা বিভাগ,মাগুরা অফিস,magura,"নাহার কমপ্লেক্স, বায়নার মোেড়, যশোর রোেড, মাগুরা।",01733-385049,01733-385042
খুলনা বিভাগ,ঝিনাইদাহ অফিস,jhinaidah,"হোসেন শহীদ সোহরাওয়ার্দী সড়ক, উজির আলী হাই স্কুলের সামনে, ঝিনাইদাহ।",01733-384813,01733-384811
খুলনা বিভাগ,কুষ্টিয়া অফিস,kustia,"আর.এ খান রোড, ইনফিনিটি শপিং মল এর বিপরীতে, কুষ্টিয়া।",01733-385040,01733-385041
খুলনা বিভাগ,সাতক্ষীরা অফিস,satkhira,"ইটাগাছা মাইক্রো স্ট্যান্ড মোড়, পুরাতন ন্যাশনাল হসপিটাল, সাতক্ষীরা।",01733-385016,01733-385017
খুলনা বিভাগ,বাগেরহাট অফিস,bagerhat,"১৬৯, বেড়ীবাধ রোড, সদর থানার পূর্ব পার্শ্বে, বাগেরহাট।",01958-587427,01958-587428
খুলনা বিভাগ,নওগাঁ অফিস,nouga,"চক মুক্তার সরকারী গ্রন্থাগারের পার্শ্বে, দয়ালের মোড়, নওগাঁ।",01733-385076,01733-385077
খুলনা বিভাগ,জয়পুরহাট অফিস,joypurhat,"বাটার মোড় থেকে ১০০ গজ দক্ষিণে, বিহারীপাড়া জামালগঞ্জ রোড, জয়পুরহাট।",01958-587622,01958-587623
রাজশাহী বিভাগ,রাজশাহী অফিস,rajshahi,"৬৮, খানসামার চক, বোয়ালিয়া, ঘোড়ামারা, রাজশাহী।",01733-385021,01733-385022
রাজশাহী বিভাগ,বানেশ্বর অফিস,baneshor,"নাটোর রোড, বানেশ্বর বাজার, মিঠুন হোন্ডার সামনে, বানেশ্বর।",01733-385093,01733-385092
রাজশাহী বিভাগ,নাটোর অফিস,natore,"চক্রামপুর, পুরাতন যুব উন্নয়ন অফিসের বিপরীতে, নাটোর।",01733-384886,01733-385034
রাজশাহী বিভাগ,চাঁপাইনবাবগঞ্জ অফিস,chapai capai,"শান্তির মোড় রোড, চাইনিজ রেস্টুরেন্ট আল-নাহিদ এর সামনে, চাঁপাইনবাবগঞ্জ।",01733-384898,01733-384857
রাজশাহী বিভাগ,পাবনা অফিস,pabna,"হাজী মোহাম্মদ মহসিন রোড, সরকারী গার্লস্ স্কুল এর সামনে, পাবনা।",01733-385038,01733-385039
রাজশাহী বিভাগ,সিরাজগঞ্জ অফিস,sirajganj,"এস বি ফজলুল হক রোড, মিরপুর, সিরাজগঞ্জ।",01733-384825,01733-384849
রাজশাহী বিভাগ,ঈশ্বরদী অফিস,ishordi,"৪২৭, পাবনা রোড, থানার পশ্চিম পার্শ্বে, রেলগেইট সংলগ্ন, ঈশ্বরদী।",01733-385188,01733-385189
রাজশাহী বিভাগ,বগুড়া অফিস,bogura,"গোহাইল রোড, সূত্রাপুর (মেশিন পট্টি), বগুড়া।",01733-384830,01733-384829
রাজশাহী বিভাগ,রানীরহাট অফিস (বগুড়া),ranirhat bogura,"নাটোর রাজশাহী হাইওয়ে রোড, রানীরহাট এর উত্তর পার্শ্বে, এ.জে.আর বগুড়া ওয়ান ডে হাব, বগুড়া।",01958-587656,01958-587657
রংপুর বিভাগ,রংপুর অফিস,rongpur rangpur,"এস.এম.সি রোড, গুপ্তপাড়া পূজামন্ডপের পার্শ্বে, রংপুর।",01733-384831,01733-384832
রংপুর বিভাগ,গাইবান্ধা অফিস,gaibandha,"ডিবি রোড, পলাশ পাড়া, গাইবান্ধা-রংপুর বাসস্ট্যান্ডের পশ্চিম পার্শ্বে, মন্ডল ভূসির সামনে, গাইবান্ধা।",01958-587401,01958-587402
রংপুর বিভাগ,সৈয়দপুর অফিস,saiyadpur soiyodpur saidpur,"দিনাজপুর রোড, পাট গোডাউন/সি.আর.রোড, সৈয়দপুর।",01733-385095,01733-385096
রংপুর বিভাগ,কুড়িগ্রাম অফিস,kurigram,"গণির উদ্দিন সুপার মার্কেট, ওয়ালটন প্লাজার গলি, ঘোষপাড়া, কুড়িগ্রাম।",01958-587397,01958-587398
রংপুর বিভাগ,গোবিন্দগঞ্জ অফিস,gobindopur,"দিনাজপুর রোড, (পশ্চিম চার মাথা) গোবিন্দগঞ্জ, গাইবান্ধা",01733-385097,01733-385098
রংপুর বিভাগ,দিনাজপুর অফিস,dinajpur,"কোতয়ালী থানার পশ্চিমে, ক্ষেত্রী পাড়া বকুল তলা মোড়, দিনাজপুর।",01733-384816,01733-384817
রংপুর বিভাগ,ভাদুরিয়া অফিস,vaduriya vaduria,"কৃষি ব্যাংকের সামনে, মেইন রোড, ভাদুরিয়া বাজার, ভাদুরিয়া, দিনাজপুর।",01958-587546,01958-587547
রংপুর বিভাগ,নীলফামারী অফিস,nilfamari,"পৌরসভা রোড, জেলা স্কুল বড় মাঠের বিপরীতে, সবুজ পাড়া, নীলফামারী।",01958-587415,01958-587416
রংপুর বিভাগ,পঞ্চগড় অফিস,ponchogar panchagar,"জালাসী রোড, রৌশনাবাগ, কামাতপাড়া মোড়, পঞ্চগড়।",01958-587417,01958-587418
রংপুর বিভাগ,লালমনিরহাট অফিস,lalmonirhat,"মিশন মোড়, বি ডি আর রোড টেলিফোন ভবন এর বিপরীতে, লালমনিহাট",01958-587419,01958-587420
রংপুর বিভাগ,বিরামপুর অফিস,birampur,"থানা রোড, পল্লবীর মোড় বিরামপুর।",01733-385185,01733-385186
রংপুর বিভাগ,ফুলবাড়ি অফিস,fulbari,"সদর রোড, ফুলবাড়ি (জমিদার হোটেলের বিপরীতে), দিনাজপুর।",01733-385198,01733-385199
রংপুর বিভাগ,ঠাকুরগাঁও অফিস,thakurgaon,"৮০৬, তাঁতীপাড়া রোড, ঠাকুরগাঁও।",01733-385047,01733-385048
সিলেট বিভাগ,সিলেট অফিস (কুমারপাড়া),shylet kumarpara,"ফারুক মঞ্জিল, ব্লক-সি, বাড়ী নং-৩ শাহী ঈদগাহ, রোড, সিলেট।",01733-384802,01733-385004
সিলেট বিভাগ,সিলেট অফিস (কদমতলী),shylet kodomtoli,"ইয়াসির প্লাজা, কমদতলী, সিলেট।",01733-384865,01733-384863
সিলেট বিভাগ,মৌলভীবাজার অফিস,moulovibazar,"ছয়ভাই ভবন, নীচতলা, ঢাকা-সিলেট মহাসড়ক মৌলভীবাজার।",01733-385001,01733-385000
সিলেট বিভাগ,শ্রীমঙ্গল অফিস,srimongol srimangal,"এ বি ব্যাংক এর উত্তরে, রূপসপুর মসজিদের বিপরীতে, শ্রীমঙ্গল।",01733-385056,01733-385033
সিলেট বিভাগ,হবিগঞ্জ অফিস,hobiganj,"আনোয়ারপুর বাইপাস রোড হাজী মনোয়ার আলী মার্কেটের বিপরীতে, হবিগঞ্জ।",01733-385116,01733-385117
সিলেট বিভাগ,শায়েস্তাগঞ্জ অফিস,sayestaganj,"আল-কাফি সুপার মার্কেট নতুন ব্রীজ গোল চত্তর সংলগ্ন চুনারুঘাট রোড, শায়েস্তাগঞ্জ।",01958-587450,01958-587451
সিলেট বিভাগ,সুনামগঞ্জ অফিস,sunamganj,"আব্দুর রশিদ মার্কেট, নতুন কোর্ট পয়েন্ট রোডের পশ্চিমে, সুনামগঞ্জ।",01958-587454,01958-587455
বরিশাল বিভাগ,বরিশাল অফিস,borisal,"হাতেম আলী কলেজ চৌমাথা, নবগ্রাম রোড, আর, এম স্কুলের পশ্চিম পার্শ্বে, বরিশাল।",01733-384871,01733-384869
বরিশাল বিভাগ,পটুয়াখালী অফিস,patuakhali potuakhali,"পানি উন্নয়ন বোর্ড ও অপসনিন ফার্মা সংলগ্ন সদর রোড, পটুয়াখালী।",01733-385170,01733-385169
বরিশাল বিভাগ,ঝালকাঠি অফিস,jhalokathi,"বিশ্ব রোড, সরকারী শিশু সদন মসজিদের সামনে (ব্রাকের মোড়), ঝালকাঠি।",01958-587411,01958-587412
বরিশাল বিভাগ,ভোলা অফিস,bhola vola,"কালিনাথ বাজার, হোমিওপ্যাথি কলেজ রোড, তিন খাম্বা, ভোলা।",01958-587421,01958-587422
বরিশাল বিভাগ,চরফ্যাশন অফিস,chorfason charfason,"শরীফ পাড়া, সেলিম পাটোয়ারী ভবন, সবুজ সিনেমা হলের মাথা, চরফ্যাশন।",01958-587493,01958-587494
বরিশাল বিভাগ,বরগুনা অফিস,borguna barguna,"জান্নাত সুপার মার্কেট, সদর রোড, বরগুনা।",01958-587535,01958-587536
বরিশাল বিভাগ,পিরোজপুর অফিস,pirojpur,"বাইপাস রোড, পুরাতন বাস স্ট্যান্ডের নিকটে, পিরোজপুর।",01958-587523,01958-587524
ঢাকা বিভাগ,ভালুকা - সওদাগর,valuka mymensingh,"মোবারক হোসেন মার্কেট, ওয়ার্ড নং-২ (ডিজিটাল হাসপাতালের উত্তর পার্শে) ময়মনসিংহ রোড, ভালুকা।",01324-719196,09639-333888
ঢাকা বিভাগ,মদনপুর - সওদাগর,modonpur narayanganj,"বাতেন সুপার মার্কেট, মদনপুর, বন্দর, নারায়নগঞ্জ (পল্লী বিদ্যুৎ অফিস সংলগ্ন)।",01324-719079,09639-333889
ঢাকা বিভাগ,দোহার - সওদাগর,dohar dhaka,"জয়পাড়া, লোটাখোলা, দোহার, ঢাকা।",01313-362272,09639-333890
ঢাকা বিভাগ,কামরাঙ্গীরচর - সওদাগর,kamrangirchor dhaka,"হোল্ডিং # ৯৮৭, শপ নং # ০৬, হিমালয় সিটি কমপেক্স কাঠপট্টি, পশ্চিম রসুলপুর, কামরাঙ্গীরচর, ঢাকা।",01958-599767,09639-333891
ঢাকা বিভাগ,"মাধবদী, নরসিংদী - সওদাগর",madhbodi norsindi,"পুরাতন বাস স্ট্যান্ড, মাধবদী, নরসিংদী ।",01313-362287,09639-333892
ঢাকা বিভাগ,পাংশা - সওদাগর,pangsha rajbari,"মৈশালা বাস স্ট্যান্ড এর দক্ষিণ পাশে, পাংশা, রাজবাড়ী।",01313-362334,09639-333893
চট্টগ্রাম শহর,হাটহাজারী - সওদাগর,hathajari chittagong ctg,"হাটহাজারী ১১ মাইল, পূর্ব দেওয়ান নগর, হাটহাজারী চট্টগ্রাম।",01324-719199,09639-333894
চট্টগ্রাম শহর,আইস ফ্যাক্টরি রোড - সওদাগর,ice factory road chittagong ctg,"১০ নং গলি (পশ্চিম পাশে) শাহ আমানত রেলওয়ে মর্কেট আইস ফ্যাক্টরী রোড, চট্টগ্রাম।",01313-362286,09639-333895
চট্টগ্রাম শহর,চকবাজার - সওদাগর,chawkbajar chobajar chittagong ctg,"আল আমিন ইন্টারন্যাশনাল, ২০৬/২০৭ লাল চাঁন্দ রোড মদিনা টাওয়ার (নীচ তলা), চকবাজার, চট্টগ্রাম।",01313-362254,09639-333896
চট্টগ্রাম বিভাগ,"রামু, কক্সবাজার - সওদাগর",ramu coxs bajar,"হক এন্টারপ্রাইজ, রামু বাইবাস, রামু, কক্সবাজার।",01313-362243,09639-333897
চট্টগ্রাম বিভাগ,"পেকুয়া, কক্সবাজার - সওদাগর",pekua coxs bajar,"পেকুয়া চৌমহনী, পেকুয়া, কক্সবাজার।",01313-362327,09639-333898
চট্টগ্রাম বিভাগ,"উখিয়া, কক্সবাজার - সওদাগর",ukhiya coxs bajar,"কিং কম্পিউটার এন্ড সার্ভিসিং সেন্টার, গাউছিয়া মার্কেট নুর হোটেলের পাশে, উখিয়া, কক্সবাজার।",01313-362328,09639-333899
চট্টগ্রাম বিভাগ,"টেকনাফ, কক্সবাজার - সওদাগর",teknaf coxs bajar,"মেসার্স শফিয়া এন্ড স্নেহা এন্টারপ্রাইজ, শানুর আমগাছতলা মেইন রোড, টেকনাফ, কক্সবাজার।",01313-362290,09639-333900
চট্টগ্রাম বিভাগ,"চাটখালী, নোয়াখালী - সওদাগর",chatkhali noakhali,"স্কয়ার হসপিটাল সংলগ্ন, বদলকোর্ট রোড, চাটখালী, নোয়াখালী।",01958-599748,09639-333901
খুলনা বিভাগ,"নলতা, সাতক্ষীরা - সওদাগর",nolta satkhira,"এস.এস. এন্টারপ্রাইজ, হক মার্কেট, নলতা শরীফ, কালীগঞ্জ, সাতক্ষীরা।",01958-599747,09639-333902
বরিশাল বিভাগ,"লালমোহন, ভোলা - সওদাগর",lalmohon vola,"উপজেলা সড়ক, দক্ষিনবাজার, লালমোহন, ভোলা।",01313-362299,09639-333903
বরিশাল বিভাগ,"আমতলী, বরগুনা - সওদাগর",amtoli borguna,প্রস্তাবিত,01313-362249,09639-333904
বরিশাল বিভাগ,বাকেরগঞ্জ - সওদাগর,bakerganj barishal,প্রস্তাবিত,01958-599758,09639-333905
বরিশাল বিভাগ,খেপুপাড়া (কলাপাড়া) - সওদাগর,khepupara kolapara barishal,প্রস্তাবিত,01958-599763,09639-333906
বরিশাল বিভাগ,মির্জাগঞ্জ - সওদাগর,mirjaganj barishal,প্রস্তাবিত,01313-362315,09639-333907
রাজশাহী বিভাগ,"আক্কেলপুর, জয়পুরহাট - সওদাগর",akkelpur joypurhat,"মেসার্স হারুন ব্যাটারি, পুরাতন বাজার, আক্কেলপুর, জয়পুরহাট।",01958-599742,09639-333908
রাজশাহী বিভাগ,"মহাদেবপুর, নওগাঁ - সওদাগর",mohadebpur nouga,"উপজেলা পরিষদ, ১ নং গেইটের দক্ষিনপার্শ্বে, মহাদেবপুর, নওগাঁ।",01313-362331,09639-333909
রাজশাহী বিভাগ,"নজিপুর, নওগাঁ - সওদাগর",nojipur nouga,"হক বিনোদন মার্কেট, ধামুইরহাট রোড, নজিপুর, নওগাঁ।",01313-362302,09639-333910
রাজশাহী বিভাগ,"সাপাহার, নওগাঁ - সওদাগর",sapahar nouga,"চৌধুরী প্লাজা ওয়াল্টন মোড়, সাপাহার, নওগাঁ।",01313-362305,09639-333911
রাজশাহী বিভাগ,"মান্দা, নওগাঁ - সওদাগর",manda nouga,"সাতিহাট বাজার, মান্দা, নওগাঁ।",01313-362248,09639-333912
রাজশাহী বিভাগ,"নিয়ামতপুর, নওগাঁ - সওদাগর",niyamotpur nouga,"তিন মাথারমোড়, নিয়ামতপুর, নওগাঁ।",01958-599752,09639-333913
রাজশাহী বিভাগ,"দুপচাঁচিয়া, বগুড়া - সওদাগর",dupcaciya bogura,"ওবাইদুল মার্কেট, সিও অফিস বাসস্ট্যান্ড, দুপচাঁচিয়া, বগুড়া।",01313-362318,09639-333914
রাজশাহী বিভাগ,"মাঝিরা, বগুড়া - সওদাগর",majhira bogura,"মেজর হাকিম মার্কেট, মাঝিরা ক্যান্টনমেন্ট, বগুড়া।",01313-362332,09639-333915
রাজশাহী বিভাগ,"উল্লাপাড়া, সিরাজগঞ্জ - সওদাগর",ullapara sirajganj,"যুবসংঘ মার্কেট (কেয়া হাসপাতালের সামনে) শ্যমলীপাড়া বাসস্ট্যান্ড, উল্লাপাড়া, সিরাজগঞ্জ।",01313-362285,09639-333916
রংপুর বিভাগ,"ঘোড়াঘাট, দিনাজপুর - সওদাগর",ghoraghat dinajpur,"ঘোষমার্কেট, গোবিন্দগঞ্জ রোড, ইসলামপুর মোড়, ২৪৫ শ্রমিক অফিসের অপজিটে, ঘােড়াঘাট, দিনাজপুর।",01313-362329,09639-333917
রংপুর বিভাগ,"বীরগঞ্জ, দিনাজপুর - সওদাগর",birganj dinajpur,"বীরগঞ্জ কলেজ রোড, ঠাকুরগাঁও বাস স্ট্যান্ড, সংলগ্ন পশ্চিমে বজিরউদ্দিন মার্কেট, বীরগঞ্জ, দিনাজপুর।",01313-362308,09639-333918
রংপুর বিভাগ,"দেবীগঞ্জ, নীলফামারী - সওদাগর",debiganj nilphamari,"পুরাতন বাসস্ট্যান্ড, দেবীগঞ্জ, নীলফামারী।",01313-362312,09639-333919
রংপুর বিভাগ,"ডোমার, নীলফামারী - সওদাগর",domar nilphamari,"সরকারী কলেজ গেইট সংলগ্ন, দেবীগঞ্জ রোড, ডোমার, নীলফামারী।",01313-362313,09639-333920
রংপুর বিভাগ,"পলাশবাড়ী, গাইবান্ধা - সওদাগর",polashbari gaibandha,"গিরীধারীপুর (বেলেরঘাট রোড), পলাশবাড়ী, গাইবান্দা।",01313-362295,09639-333921
রংপুর বিভাগ,"বোদা, পঞ্চগড় - সওদাগর",boda ponchogar,"বাইপাস মোড়, পৌরসভা সংলগ্ন নাজির পাড়া, বোদা, পঞ্চগড়।",01313-362319,09639-333922
রংপুর বিভাগ,রানীর বন্দর - সওদাগর,ranir bondor,প্রস্তাবিত,01958-599766,09639-333923
